flag_URL,host_country,event,year,artist_country,artist,song,rank,total_points
https://upload.wikimedia.org/wikipedia/en/4/4c/Flag_of_Sweden.svg,Sweden,Stockholm ,2016,Australia,Dami Im,Sound Of Silence,2,511
https://upload.wikimedia.org/wikipedia/commons/5/5c/Flag_of_Portugal.svg,Portugal,Lisbon ,2018,Austria,Cesár Sampson,Nobody But You,3,342
https://upload.wikimedia.org/wikipedia/commons/9/9c/Flag_of_Denmark.svg,Denmark,Copenhagen ,2014,Austria,Conchita Wurst,Rise Like a Phoenix,1,290
https://upload.wikimedia.org/wikipedia/commons/d/da/Flag_of_Luxembourg.svg,Luxembourg,Luxembourg ,1966,Austria,Udo Jürgens,Merci Chérie,1,31
https://upload.wikimedia.org/wikipedia/en/4/4c/Flag_of_Sweden.svg,Sweden,Malmö ,2013,Azerbaijan,Farid Mammadov,Hold Me,2,234
https://upload.wikimedia.org/wikipedia/en/b/ba/Flag_of_Germany.svg,Germany,Düsseldorf ,2011,Azerbaijan,Ell/Nikki,Running Scared,1,221
https://upload.wikimedia.org/wikipedia/en/f/f3/Flag_of_Russia.svg,Russia,Moscow ,2009,Azerbaijan,AySel & Arash,Always,3,207
https://upload.wikimedia.org/wikipedia/commons/8/84/Flag_of_Latvia.svg,Latvia,Riga ,2003,Belgium,Urban Trad,Sanomi,2,165
https://upload.wikimedia.org/wikipedia/commons/d/d9/Flag_of_Norway.svg,Norway,Bergen ,1986,Belgium,Sandra Kim,J'aime La Vie,1,176
https://upload.wikimedia.org/wikipedia/en/c/c3/Flag_of_France.svg,France,Paris ,1978,Belgium,Jean Vallée,L'amour ça Fait Chanter La Vie,2,125
https://upload.wikimedia.org/wikipedia/commons/0/08/Flag_of_Switzerland_%28Pantone%29.svg,Switzerland,Lugano ,1956,Belgium,Mony Marc,Le Plus Beau Jour De Ma Vie,2,NA
https://upload.wikimedia.org/wikipedia/commons/0/08/Flag_of_Switzerland_%28Pantone%29.svg,Switzerland,Lugano ,1956,Belgium,Fud Leclerc,Messieurs Les Noyés De La Seine,2,NA
https://upload.wikimedia.org/wikipedia/commons/5/5c/Flag_of_Greece.svg,Greece,Athens ,2006,Bosnia & Herzegovina,Hari Mata Hari,Lejla,3,229
https://upload.wikimedia.org/wikipedia/commons/4/49/Flag_of_Ukraine.svg,Ukraine,Kyiv ,2017,Bulgaria,Kristian Kostov,Beautiful Mess,2,615
https://upload.wikimedia.org/wikipedia/commons/5/5c/Flag_of_Portugal.svg,Portugal,Lisbon ,2018,Cyprus,Eleni Foureira,Fuego,2,436
https://upload.wikimedia.org/wikipedia/en/4/4c/Flag_of_Sweden.svg,Sweden,Malmö ,2013,Denmark,Emmelie de Forest,Only Teardrops,1,281
https://upload.wikimedia.org/wikipedia/commons/9/9c/Flag_of_Denmark.svg,Denmark,Copenhagen ,2001,Denmark,Rollo & King,Never Ever Let You Go,2,177
https://upload.wikimedia.org/wikipedia/en/4/4c/Flag_of_Sweden.svg,Sweden,Stockholm ,2000,Denmark,Olsen brothers,Fly On The Wings Of Love,1,195
https://upload.wikimedia.org/wikipedia/commons/0/08/Flag_of_Switzerland_%28Pantone%29.svg,Switzerland,Lausanne ,1989,Denmark,Birthe Kjær,Vi Maler Byen Rød,3,111
https://upload.wikimedia.org/wikipedia/commons/4/45/Flag_of_Ireland.svg,Ireland,Dublin ,1988,Denmark,Hot Eyes,Ka' Du Se Hva' Jeg Sa',3,92
https://upload.wikimedia.org/wikipedia/en/a/ae/Flag_of_the_United_Kingdom.svg,United Kingdom,London ,1963,Denmark,Grethe and Jørgen Ingmann,Dansevise,1,42
https://upload.wikimedia.org/wikipedia/en/b/ba/Flag_of_Germany.svg,Germany,Frankfurt ,1957,Denmark,Birthe Wilke and Gustav Winckler,Skibet Skal Sejle I Nat,3,10
https://upload.wikimedia.org/wikipedia/commons/8/8f/Flag_of_Estonia.svg,Estonia,Tallinn ,2002,Estonia,Sahléne,Runaway,3,111
https://upload.wikimedia.org/wikipedia/commons/9/9c/Flag_of_Denmark.svg,Denmark,Copenhagen ,2001,Estonia,"Tanel Padar, Dave Benton & 2XL",Everybody,1,198
https://upload.wikimedia.org/wikipedia/commons/5/5c/Flag_of_Greece.svg,Greece,Athens ,2006,Finland,Lordi,Hard Rock Hallelujah,1,292
https://upload.wikimedia.org/wikipedia/commons/2/20/Flag_of_the_Netherlands.svg,Netherlands,Rotterdam ,2021,France,Barbara Pravi,Voilà,2,499
https://upload.wikimedia.org/wikipedia/en/0/03/Flag_of_Italy.svg,Italy,Rome ,1991,France,Amina,C'est Le Dernier Qui A Parlé Qui A Raison,2,146
NA,Yugoslavia,Zagreb ,1990,France,Joelle Ursull,White And Black Blues,2,132
https://upload.wikimedia.org/wikipedia/commons/4/45/Flag_of_Ireland.svg,Ireland,Dublin ,1981,France,Jean Gabilou,Humanahum,3,125
https://upload.wikimedia.org/wikipedia/commons/d/d4/Flag_of_Israel.svg,Israel,Jerusalem ,1979,France,Anne-Marie David,Je Suis L'enfant-soleil,3,106
https://upload.wikimedia.org/wikipedia/en/c/c3/Flag_of_France.svg,France,Paris ,1978,France,Joël Prévost,Il Y Aura Toujours Des Violons,3,119
https://upload.wikimedia.org/wikipedia/en/a/ae/Flag_of_the_United_Kingdom.svg,United Kingdom,London ,1977,France,Marie Myriam,L'oiseau Et L'enfant,1,136
https://upload.wikimedia.org/wikipedia/commons/2/20/Flag_of_the_Netherlands.svg,Netherlands,The Hague ,1976,France,Catherine Ferry,"Un, Deux, Trois",2,147
https://upload.wikimedia.org/wikipedia/en/9/9a/Flag_of_Spain.svg,Spain,Madrid ,1969,France,Frida Boccara,"Un Jour, Un Enfant",1,18
https://upload.wikimedia.org/wikipedia/en/a/ae/Flag_of_the_United_Kingdom.svg,United Kingdom,London ,1968,France,Isabelle Aubret,La Source,3,20
https://upload.wikimedia.org/wikipedia/commons/4/41/Flag_of_Austria.svg,Austria,Vienna ,1967,France,Noëlle Cordier,Il Doit Faire Beau Là-bas,3,20
https://upload.wikimedia.org/wikipedia/en/0/03/Flag_of_Italy.svg,Italy,Naples ,1965,France,Guy Mardel,N'avoue Jamais,3,22
https://upload.wikimedia.org/wikipedia/commons/d/da/Flag_of_Luxembourg.svg,Luxembourg,Luxembourg ,1962,France,Isabelle Aubret,Un Premier Amour,1,26
https://upload.wikimedia.org/wikipedia/en/a/ae/Flag_of_the_United_Kingdom.svg,United Kingdom,London ,1960,France,Jacqueline Boyer,Tom Pillibi,1,32
https://upload.wikimedia.org/wikipedia/en/c/c3/Flag_of_France.svg,France,Cannes ,1959,France,Jean Philippe,"Oui, Oui, Oui, Oui",3,15
https://upload.wikimedia.org/wikipedia/commons/2/20/Flag_of_the_Netherlands.svg,Netherlands,Hilversum ,1958,France,André Claveau,Dors Mon Amour,1,27
https://upload.wikimedia.org/wikipedia/en/b/ba/Flag_of_Germany.svg,Germany,Frankfurt ,1957,France,Paule Desjardins,La Belle Amour,2,17
https://upload.wikimedia.org/wikipedia/commons/0/08/Flag_of_Switzerland_%28Pantone%29.svg,Switzerland,Lugano ,1956,France,Dany Dauberson,Il Est Là,2,NA
https://upload.wikimedia.org/wikipedia/commons/0/08/Flag_of_Switzerland_%28Pantone%29.svg,Switzerland,Lugano ,1956,France,Mathé Altéry,Le Temps Perdu,2,NA
https://upload.wikimedia.org/wikipedia/commons/d/d9/Flag_of_Norway.svg,Norway,Oslo ,2010,Germany,Lena,Satellite,1,246
https://upload.wikimedia.org/wikipedia/commons/d/d4/Flag_of_Israel.svg,Israel,Jerusalem ,1999,Germany,Sürpriz,Reise Nach Jerusalem - Kudüs'e Seyahat,3,140
https://upload.wikimedia.org/wikipedia/commons/4/45/Flag_of_Ireland.svg,Ireland,Dublin ,1994,Germany,MeKaDo,Wir Geben 'ne Party,3,128
https://upload.wikimedia.org/wikipedia/commons/9/92/Flag_of_Belgium_%28civil%29.svg,Belgium,Brussels ,1987,Germany,Wind,Laß Die Sonne In Dein Herz,2,141
https://upload.wikimedia.org/wikipedia/en/4/4c/Flag_of_Sweden.svg,Sweden,Gothenburg ,1985,Germany,Wind,Für Alle,2,105
https://upload.wikimedia.org/wikipedia/en/a/ae/Flag_of_the_United_Kingdom.svg,United Kingdom,Harrogate ,1982,Germany,Nicole,Ein Bißchen Frieden,1,161
https://upload.wikimedia.org/wikipedia/commons/4/45/Flag_of_Ireland.svg,Ireland,Dublin ,1981,Germany,Lena Valaitis,Johnny Blue,2,132
https://upload.wikimedia.org/wikipedia/commons/2/20/Flag_of_the_Netherlands.svg,Netherlands,The Hague ,1980,Germany,Katja Ebstein,Theater,2,128
https://upload.wikimedia.org/wikipedia/en/a/ae/Flag_of_the_United_Kingdom.svg,United Kingdom,Edinburgh ,1972,Germany,Mary Roos,Nur Die Liebe Läßt Uns Leben,3,107
https://upload.wikimedia.org/wikipedia/commons/4/45/Flag_of_Ireland.svg,Ireland,Dublin ,1971,Germany,Katja Ebstein,Diese Welt,3,100
https://upload.wikimedia.org/wikipedia/commons/2/20/Flag_of_the_Netherlands.svg,Netherlands,Amsterdam ,1970,Germany,Katja Ebstein,Wunder Gibt Es Immer Wieder,3,12
https://upload.wikimedia.org/wikipedia/commons/0/08/Flag_of_Switzerland_%28Pantone%29.svg,Switzerland,Lugano ,1956,Germany,Freddy Quinn,So Geht Das Jede Nacht,2,NA
https://upload.wikimedia.org/wikipedia/commons/0/08/Flag_of_Switzerland_%28Pantone%29.svg,Switzerland,Lugano ,1956,Germany,Walter Andreas Schwarz,Im Wartesaal Zum Großen Glück,2,NA
https://upload.wikimedia.org/wikipedia/commons/f/ff/Flag_of_Serbia.svg,Serbia,Belgrade ,2008,Greece,Kalomira,Secret Combination,3,218
https://upload.wikimedia.org/wikipedia/commons/4/49/Flag_of_Ukraine.svg,Ukraine,Kyiv ,2005,Greece,Helena Paparizou,My Number One,1,230
https://upload.wikimedia.org/wikipedia/commons/b/b4/Flag_of_Turkey.svg,Turkey,Istanbul ,2004,Greece,Sakis Rouvas,Shake It,3,252
https://upload.wikimedia.org/wikipedia/commons/9/9c/Flag_of_Denmark.svg,Denmark,Copenhagen ,2001,Greece,Antique,Die For You,3,147
https://upload.wikimedia.org/wikipedia/en/f/f3/Flag_of_Russia.svg,Russia,Moscow ,2009,Iceland,Yohanna,Is It True?,2,218
https://upload.wikimedia.org/wikipedia/commons/d/d4/Flag_of_Israel.svg,Israel,Jerusalem ,1999,Iceland,Selma Björnsdóttir,All Out Of Luck,2,146
https://upload.wikimedia.org/wikipedia/commons/4/45/Flag_of_Ireland.svg,Ireland,Dublin ,1997,Ireland,Marc Roberts,Mysterious Woman,2,157
https://upload.wikimedia.org/wikipedia/commons/d/d9/Flag_of_Norway.svg,Norway,Oslo ,1996,Ireland,Eimear Quinn,The Voice,1,162
https://upload.wikimedia.org/wikipedia/commons/4/45/Flag_of_Ireland.svg,Ireland,Dublin ,1994,Ireland,Paul Harrington and Charlie McGettigan,Rock 'n' Roll Kids,1,226
https://upload.wikimedia.org/wikipedia/commons/4/45/Flag_of_Ireland.svg,Ireland,Millstreet ,1993,Ireland,Niamh Kavanagh,In Your Eyes,1,187
https://upload.wikimedia.org/wikipedia/en/4/4c/Flag_of_Sweden.svg,Sweden,Malmö ,1992,Ireland,Linda Martin,Why Me,1,155
NA,Yugoslavia,Zagreb ,1990,Ireland,Liam Reilly,Somewhere In Europe,2,132
https://upload.wikimedia.org/wikipedia/commons/9/92/Flag_of_Belgium_%28civil%29.svg,Belgium,Brussels ,1987,Ireland,Johnny Logan,Hold Me Now,1,172
https://upload.wikimedia.org/wikipedia/commons/d/da/Flag_of_Luxembourg.svg,Luxembourg,Luxembourg ,1984,Ireland,Linda Martin,Terminal '3',2,137
https://upload.wikimedia.org/wikipedia/commons/2/20/Flag_of_the_Netherlands.svg,Netherlands,The Hague ,1980,Ireland,Johnny Logan,What's Another Year,1,143
https://upload.wikimedia.org/wikipedia/en/a/ae/Flag_of_the_United_Kingdom.svg,United Kingdom,London ,1977,Ireland,The Swarbriggs Plus Two,It's Nice To Be In Love Again,3,119
https://upload.wikimedia.org/wikipedia/commons/2/20/Flag_of_the_Netherlands.svg,Netherlands,Amsterdam ,1970,Ireland,Dana,All Kinds Of Everything,1,32
https://upload.wikimedia.org/wikipedia/commons/4/41/Flag_of_Austria.svg,Austria,Vienna ,1967,Ireland,Sean Dunphy,If I Could Choose,2,22
https://upload.wikimedia.org/wikipedia/commons/5/5c/Flag_of_Portugal.svg,Portugal,Lisbon ,2018,Israel,Netta,TOY,1,529
https://upload.wikimedia.org/wikipedia/en/a/ae/Flag_of_the_United_Kingdom.svg,United Kingdom,Birmingham ,1998,Israel,Dana International,Diva,1,172
https://upload.wikimedia.org/wikipedia/en/0/03/Flag_of_Italy.svg,Italy,Rome ,1991,Israel,Duo Datz,Kan,3,139
https://upload.wikimedia.org/wikipedia/en/b/ba/Flag_of_Germany.svg,Germany,Munich ,1983,Israel,Ofra Haza,Hi,2,136
https://upload.wikimedia.org/wikipedia/en/a/ae/Flag_of_the_United_Kingdom.svg,United Kingdom,Harrogate ,1982,Israel,Avi Toledano,Hora,2,100
https://upload.wikimedia.org/wikipedia/commons/d/d4/Flag_of_Israel.svg,Israel,Jerusalem ,1979,Israel,Milk and Honey,Hallelujah,1,125
https://upload.wikimedia.org/wikipedia/en/c/c3/Flag_of_France.svg,France,Paris ,1978,Israel,Izhar Cohen and the Alphabeta,Abanibi,1,157
https://upload.wikimedia.org/wikipedia/commons/2/20/Flag_of_the_Netherlands.svg,Netherlands,Rotterdam ,2021,Italy,Måneskin,Zitti E Buoni,1,524
https://upload.wikimedia.org/wikipedia/commons/d/d4/Flag_of_Israel.svg,Israel,Tel Aviv ,2019,Italy,Mahmood,Soldi,2,472
https://upload.wikimedia.org/wikipedia/commons/4/41/Flag_of_Austria.svg,Austria,Vienna ,2015,Italy,Il Volo,Grande Amore,3,292
https://upload.wikimedia.org/wikipedia/en/b/ba/Flag_of_Germany.svg,Germany,Düsseldorf ,2011,Italy,Raphael Gualazzi,Madness Of Love,2,189
NA,Yugoslavia,Zagreb ,1990,Italy,Toto Cutugno,Insieme: 1992,1,149
https://upload.wikimedia.org/wikipedia/commons/9/92/Flag_of_Belgium_%28civil%29.svg,Belgium,Brussels ,1987,Italy,Umberto Tozzi and Raf,Gente Di Mare,3,103
https://upload.wikimedia.org/wikipedia/en/4/4c/Flag_of_Sweden.svg,Sweden,Stockholm ,1975,Italy,Wess and Dori Ghezzi,Era,3,115
https://upload.wikimedia.org/wikipedia/en/a/ae/Flag_of_the_United_Kingdom.svg,United Kingdom,Brighton ,1974,Italy,Gigliola Cinquetti,Si,2,18
https://upload.wikimedia.org/wikipedia/commons/9/9c/Flag_of_Denmark.svg,Denmark,Copenhagen ,1964,Italy,Gigliola Cinquetti,Non Ho L'étà,1,49
https://upload.wikimedia.org/wikipedia/en/a/ae/Flag_of_the_United_Kingdom.svg,United Kingdom,London ,1963,Italy,Emilio Pericoli,Uno Per Tutte,3,37
https://upload.wikimedia.org/wikipedia/commons/2/20/Flag_of_the_Netherlands.svg,Netherlands,Hilversum ,1958,Italy,Domenico Modugno,Nel Blu Dipinto Di Blu,3,13
https://upload.wikimedia.org/wikipedia/commons/0/08/Flag_of_Switzerland_%28Pantone%29.svg,Switzerland,Lugano ,1956,Italy,Tonina Torielli,Amami Se Vuoi,2,NA
https://upload.wikimedia.org/wikipedia/commons/0/08/Flag_of_Switzerland_%28Pantone%29.svg,Switzerland,Lugano ,1956,Italy,Franca Raimondi,Aprite Le Finestre,2,NA
https://upload.wikimedia.org/wikipedia/commons/8/8f/Flag_of_Estonia.svg,Estonia,Tallinn ,2002,Latvia,Marie N,I Wanna,1,176
https://upload.wikimedia.org/wikipedia/en/4/4c/Flag_of_Sweden.svg,Sweden,Stockholm ,2000,Latvia,BrainStorm,My Star,3,136
https://upload.wikimedia.org/wikipedia/commons/d/d9/Flag_of_Norway.svg,Norway,Bergen ,1986,Luxembourg,Sherisse Laurence,L'amour De Ma Vie,3,117
https://upload.wikimedia.org/wikipedia/en/b/ba/Flag_of_Germany.svg,Germany,Munich ,1983,Luxembourg,Corinne Hermès,Si La Vie Est Cadeau,1,142
https://upload.wikimedia.org/wikipedia/commons/d/da/Flag_of_Luxembourg.svg,Luxembourg,Luxembourg ,1973,Luxembourg,Anne-Marie David,Tu Te Reconnaîtras,1,129
https://upload.wikimedia.org/wikipedia/en/a/ae/Flag_of_the_United_Kingdom.svg,United Kingdom,Edinburgh ,1972,Luxembourg,Vicky Leandros,Après Toi,1,128
https://upload.wikimedia.org/wikipedia/en/0/03/Flag_of_Italy.svg,Italy,Naples ,1965,Luxembourg,France Gall,"Poupée De Cire, Poupée De Son",1,32
https://upload.wikimedia.org/wikipedia/commons/d/da/Flag_of_Luxembourg.svg,Luxembourg,Luxembourg ,1962,Luxembourg,Camillo Felgen,Petit Bonhomme,3,11
https://upload.wikimedia.org/wikipedia/en/c/c3/Flag_of_France.svg,France,Cannes ,1961,Luxembourg,Jean-Claude Pascal,Nous Les Amoureux,1,31
https://upload.wikimedia.org/wikipedia/commons/0/08/Flag_of_Switzerland_%28Pantone%29.svg,Switzerland,Lugano ,1956,Luxembourg,Michèle Arnaud,Les Amants De Minuit,2,NA
https://upload.wikimedia.org/wikipedia/commons/0/08/Flag_of_Switzerland_%28Pantone%29.svg,Switzerland,Lugano ,1956,Luxembourg,Michèle Arnaud,Ne Crois Pas,2,NA
https://upload.wikimedia.org/wikipedia/commons/4/49/Flag_of_Ukraine.svg,Ukraine,Kyiv ,2005,Malta,Chiara,Angel,2,192
https://upload.wikimedia.org/wikipedia/commons/8/8f/Flag_of_Estonia.svg,Estonia,Tallinn ,2002,Malta,Ira Losco,7th Wonder,2,164
https://upload.wikimedia.org/wikipedia/en/a/ae/Flag_of_the_United_Kingdom.svg,United Kingdom,Birmingham ,1998,Malta,Chiara,The One That I Love,3,165
https://upload.wikimedia.org/wikipedia/en/4/4c/Flag_of_Sweden.svg,Sweden,Malmö ,1992,Malta,Mary Spiteri,Little Child,3,123
https://upload.wikimedia.org/wikipedia/commons/4/49/Flag_of_Ukraine.svg,Ukraine,Kyiv ,2017,Moldova,Sunstroke Project,Hey Mamma,3,374
https://upload.wikimedia.org/wikipedia/commons/2/20/Flag_of_the_Netherlands.svg,Netherlands,The Hague ,1976,Monaco,Mary Christy,"Toi, La Musique Et Moi",3,93
https://upload.wikimedia.org/wikipedia/commons/4/45/Flag_of_Ireland.svg,Ireland,Dublin ,1971,Monaco,Séverine,"Un Banc, Un Arbre, Une Rue",1,128
https://upload.wikimedia.org/wikipedia/commons/9/9c/Flag_of_Denmark.svg,Denmark,Copenhagen ,1964,Monaco,Romuald,Où Sont-elles Passées?,3,15
https://upload.wikimedia.org/wikipedia/commons/d/da/Flag_of_Luxembourg.svg,Luxembourg,Luxembourg ,1962,Monaco,François Deguelt,Dis Rien,2,13
https://upload.wikimedia.org/wikipedia/en/a/ae/Flag_of_the_United_Kingdom.svg,United Kingdom,London ,1960,Monaco,François Deguelt,Ce Soir-là,3,15
https://upload.wikimedia.org/wikipedia/commons/d/d4/Flag_of_Israel.svg,Israel,Tel Aviv ,2019,Netherlands,Duncan Laurence,Arcade,1,498
https://upload.wikimedia.org/wikipedia/commons/9/9c/Flag_of_Denmark.svg,Denmark,Copenhagen ,2014,Netherlands,The Common Linnets,Calm After The Storm,2,238
https://upload.wikimedia.org/wikipedia/en/4/4c/Flag_of_Sweden.svg,Sweden,Stockholm ,1975,Netherlands,Teach-In,Ding-A-Dong,1,152
https://upload.wikimedia.org/wikipedia/en/a/ae/Flag_of_the_United_Kingdom.svg,United Kingdom,Brighton ,1974,Netherlands,Mouth and MacNeal,I See A Star,3,15
https://upload.wikimedia.org/wikipedia/en/9/9a/Flag_of_Spain.svg,Spain,Madrid ,1969,Netherlands,Lenny Kuhr,De Troubadour,1,18
https://upload.wikimedia.org/wikipedia/en/c/c3/Flag_of_France.svg,France,Cannes ,1959,Netherlands,Teddy Scholten,Een Beetje,1,21
https://upload.wikimedia.org/wikipedia/en/b/ba/Flag_of_Germany.svg,Germany,Frankfurt ,1957,Netherlands,Corry Brokken,Net Als Toen,1,31
https://upload.wikimedia.org/wikipedia/commons/0/08/Flag_of_Switzerland_%28Pantone%29.svg,Switzerland,Lugano ,1956,Netherlands,Corry Brokken,Voorgoed Voorbij,2,NA
https://upload.wikimedia.org/wikipedia/commons/0/08/Flag_of_Switzerland_%28Pantone%29.svg,Switzerland,Lugano ,1956,Netherlands,Jetty Paerl,De Vogels Van Holland,2,NA
https://upload.wikimedia.org/wikipedia/en/f/f3/Flag_of_Russia.svg,Russia,Moscow ,2009,Norway,Alexander Rybak,Fairytale,1,387
https://upload.wikimedia.org/wikipedia/commons/d/d9/Flag_of_Norway.svg,Norway,Oslo ,1996,Norway,Elisabeth Andreasson,I Evighet,2,114
https://upload.wikimedia.org/wikipedia/commons/4/45/Flag_of_Ireland.svg,Ireland,Dublin ,1995,Norway,Secret Garden,Nocturne,1,148
https://upload.wikimedia.org/wikipedia/en/4/4c/Flag_of_Sweden.svg,Sweden,Gothenburg ,1985,Norway,Bobbysocks,La Det Swinge,1,123
https://upload.wikimedia.org/wikipedia/commons/d/da/Flag_of_Luxembourg.svg,Luxembourg,Luxembourg ,1966,Norway,Åse Kleveland,Intet Er Nytt Under Solen,3,15
https://upload.wikimedia.org/wikipedia/commons/4/45/Flag_of_Ireland.svg,Ireland,Dublin ,1994,Poland,Edyta Górniak,To Nie Ja!,2,166
https://upload.wikimedia.org/wikipedia/commons/4/49/Flag_of_Ukraine.svg,Ukraine,Kyiv ,2017,Portugal,Salvador Sobral,Amar Pelos Dois,1,758
https://upload.wikimedia.org/wikipedia/commons/d/d9/Flag_of_Norway.svg,Norway,Oslo ,2010,Romania,Paula Seling & Ovi,Playing With Fire,3,162
https://upload.wikimedia.org/wikipedia/commons/4/49/Flag_of_Ukraine.svg,Ukraine,Kyiv ,2005,Romania,Luminita Anghel & Sistem,Let Me Try,3,158
https://upload.wikimedia.org/wikipedia/commons/d/d4/Flag_of_Israel.svg,Israel,Tel Aviv ,2019,Russia,Sergey Lazarev,Scream,3,370
https://upload.wikimedia.org/wikipedia/en/4/4c/Flag_of_Sweden.svg,Sweden,Stockholm ,2016,Russia,Sergey Lazarev,You Are The Only One,3,491
https://upload.wikimedia.org/wikipedia/commons/4/41/Flag_of_Austria.svg,Austria,Vienna ,2015,Russia,Polina Gagarina,A Million Voices,2,303
https://upload.wikimedia.org/wikipedia/commons/d/dd/Flag_of_Azerbaijan.svg,Azerbaijan,Baku ,2012,Russia,Buranovskiye Babushki,Party For Everybody,2,259
https://upload.wikimedia.org/wikipedia/commons/f/ff/Flag_of_Serbia.svg,Serbia,Belgrade ,2008,Russia,Dima Bilan,Believe,1,272
https://upload.wikimedia.org/wikipedia/commons/b/bc/Flag_of_Finland.svg,Finland,Helsinki ,2007,Russia,Serebro,Song # 1,3,207
https://upload.wikimedia.org/wikipedia/commons/5/5c/Flag_of_Greece.svg,Greece,Athens ,2006,Russia,Dima Bilan,Never Let You Go,2,248
https://upload.wikimedia.org/wikipedia/commons/8/84/Flag_of_Latvia.svg,Latvia,Riga ,2003,Russia,t.A.T.u.,"Ne Ver, Ne Boisia",3,164
https://upload.wikimedia.org/wikipedia/en/4/4c/Flag_of_Sweden.svg,Sweden,Stockholm ,2000,Russia,Alsou,Solo,2,155
https://upload.wikimedia.org/wikipedia/commons/d/dd/Flag_of_Azerbaijan.svg,Azerbaijan,Baku ,2012,Serbia,Željko Joksimović,Nije Ljubav Stvar,3,214
https://upload.wikimedia.org/wikipedia/commons/b/bc/Flag_of_Finland.svg,Finland,Helsinki ,2007,Serbia,Marija Šerifović,Molitva,1,268
https://upload.wikimedia.org/wikipedia/commons/b/b4/Flag_of_Turkey.svg,Turkey,Istanbul ,2004,Serbia & Montenegro,Željko Joksimović,Lane Moje,2,263
https://upload.wikimedia.org/wikipedia/en/0/03/Flag_of_Italy.svg,Italy,Turin ,2022,Spain,Chanel,SloMo,3,459
https://upload.wikimedia.org/wikipedia/commons/4/45/Flag_of_Ireland.svg,Ireland,Dublin ,1995,Spain,Anabel Conde,Vuelve Conmigo,2,119
https://upload.wikimedia.org/wikipedia/commons/d/da/Flag_of_Luxembourg.svg,Luxembourg,Luxembourg ,1984,Spain,Bravo,"Lady, Lady",3,106
https://upload.wikimedia.org/wikipedia/commons/d/d4/Flag_of_Israel.svg,Israel,Jerusalem ,1979,Spain,Betty Missiego,Su Canción,2,116
https://upload.wikimedia.org/wikipedia/commons/d/da/Flag_of_Luxembourg.svg,Luxembourg,Luxembourg ,1973,Spain,Mocedades,Eres Tú,2,125
https://upload.wikimedia.org/wikipedia/commons/4/45/Flag_of_Ireland.svg,Ireland,Dublin ,1971,Spain,Karina,En Un Mundo Nuevo,2,116
https://upload.wikimedia.org/wikipedia/en/9/9a/Flag_of_Spain.svg,Spain,Madrid ,1969,Spain,Salomé,Vivo Cantando,1,18
https://upload.wikimedia.org/wikipedia/en/a/ae/Flag_of_the_United_Kingdom.svg,United Kingdom,London ,1968,Spain,Massiel,"La, La, La...",1,29
https://upload.wikimedia.org/wikipedia/commons/4/41/Flag_of_Austria.svg,Austria,Vienna ,2015,Sweden,Måns Zelmerlöw,Heroes,1,365
https://upload.wikimedia.org/wikipedia/commons/9/9c/Flag_of_Denmark.svg,Denmark,Copenhagen ,2014,Sweden,Sanna Nielsen,Undo,3,218
https://upload.wikimedia.org/wikipedia/commons/d/dd/Flag_of_Azerbaijan.svg,Azerbaijan,Baku ,2012,Sweden,Loreen,Euphoria,1,372
https://upload.wikimedia.org/wikipedia/en/b/ba/Flag_of_Germany.svg,Germany,Düsseldorf ,2011,Sweden,Eric Saade,Popular,3,185
https://upload.wikimedia.org/wikipedia/commons/d/d4/Flag_of_Israel.svg,Israel,Jerusalem ,1999,Sweden,Charlotte Nilsson,Take Me To Your Heaven,1,163
https://upload.wikimedia.org/wikipedia/commons/d/d9/Flag_of_Norway.svg,Norway,Oslo ,1996,Sweden,One More Time,Den Vilda,3,100
https://upload.wikimedia.org/wikipedia/commons/4/45/Flag_of_Ireland.svg,Ireland,Dublin ,1995,Sweden,Jan Johansen,Se På Mej,3,100
https://upload.wikimedia.org/wikipedia/en/0/03/Flag_of_Italy.svg,Italy,Rome ,1991,Sweden,Carola,Fångad Av En Stormvind,1,146
https://upload.wikimedia.org/wikipedia/en/4/4c/Flag_of_Sweden.svg,Sweden,Gothenburg ,1985,Sweden,Kikki Danielsson,Bra Vibrationer,3,103
https://upload.wikimedia.org/wikipedia/commons/d/da/Flag_of_Luxembourg.svg,Luxembourg,Luxembourg ,1984,Sweden,Herrey's,Diggi-loo Diggy-ley,1,145
https://upload.wikimedia.org/wikipedia/en/b/ba/Flag_of_Germany.svg,Germany,Munich ,1983,Sweden,Carola Häggkvist,Främling,3,126
https://upload.wikimedia.org/wikipedia/en/a/ae/Flag_of_the_United_Kingdom.svg,United Kingdom,Brighton ,1974,Sweden,ABBA,Waterloo,1,24
https://upload.wikimedia.org/wikipedia/commons/d/da/Flag_of_Luxembourg.svg,Luxembourg,Luxembourg ,1966,Sweden,Lill Lindfors and  Svante Thuresson,Nygammal Vals Eller Hip Man Svinaherde,2,16
https://upload.wikimedia.org/wikipedia/commons/2/20/Flag_of_the_Netherlands.svg,Netherlands,Rotterdam ,2021,Switzerland,Gjon's Tears,Tout l'Univers,3,432
https://upload.wikimedia.org/wikipedia/commons/4/45/Flag_of_Ireland.svg,Ireland,Millstreet ,1993,Switzerland,Annie Cotton,"Moi, Tout Simplement",3,148
https://upload.wikimedia.org/wikipedia/commons/4/45/Flag_of_Ireland.svg,Ireland,Dublin ,1988,Switzerland,Céline Dion,Ne Partez Pas Sans Moi,1,137
https://upload.wikimedia.org/wikipedia/commons/d/d9/Flag_of_Norway.svg,Norway,Bergen ,1986,Switzerland,Daniela Simons,Pas Pour Moi,2,140
https://upload.wikimedia.org/wikipedia/en/a/ae/Flag_of_the_United_Kingdom.svg,United Kingdom,Harrogate ,1982,Switzerland,Arlette Zola,Amour On T'aime,3,97
https://upload.wikimedia.org/wikipedia/en/a/ae/Flag_of_the_United_Kingdom.svg,United Kingdom,London ,1963,Switzerland,Esther Ofarim,T'en Va Pas,2,40
https://upload.wikimedia.org/wikipedia/en/c/c3/Flag_of_France.svg,France,Cannes ,1961,Switzerland,Franca di Rienzo,Nous Aurons Demain,3,16
https://upload.wikimedia.org/wikipedia/commons/2/20/Flag_of_the_Netherlands.svg,Netherlands,Hilversum ,1958,Switzerland,Lys Assia,Giorgio,2,24
https://upload.wikimedia.org/wikipedia/commons/0/08/Flag_of_Switzerland_%28Pantone%29.svg,Switzerland,Lugano ,1956,Switzerland,Lys Assia,Refrain,1,NA
https://upload.wikimedia.org/wikipedia/commons/0/08/Flag_of_Switzerland_%28Pantone%29.svg,Switzerland,Lugano ,1956,Switzerland,Lys Assia,Das Alte Karussell,2,NA
https://upload.wikimedia.org/wikipedia/commons/d/d9/Flag_of_Norway.svg,Norway,Oslo ,2010,Turkey,maNga,We Could Be The Same,2,170
https://upload.wikimedia.org/wikipedia/commons/8/84/Flag_of_Latvia.svg,Latvia,Riga ,2003,Turkey,Sertab Erener,Everyway That I Can,1,167
https://upload.wikimedia.org/wikipedia/commons/4/45/Flag_of_Ireland.svg,Ireland,Dublin ,1997,Turkey,Sebnem Paker and Group Etnic,Dinle,3,121
https://upload.wikimedia.org/wikipedia/en/0/03/Flag_of_Italy.svg,Italy,Turin ,2022,Ukraine,Kalush Orchestra,Stefania,1,631
https://upload.wikimedia.org/wikipedia/en/4/4c/Flag_of_Sweden.svg,Sweden,Stockholm ,2016,Ukraine,Jamala,1944,1,534
https://upload.wikimedia.org/wikipedia/en/4/4c/Flag_of_Sweden.svg,Sweden,Malmö ,2013,Ukraine,Zlata Ognevich,Gravity,3,214
https://upload.wikimedia.org/wikipedia/commons/f/ff/Flag_of_Serbia.svg,Serbia,Belgrade ,2008,Ukraine,Ani Lorak,Shady Lady,2,230
https://upload.wikimedia.org/wikipedia/commons/b/bc/Flag_of_Finland.svg,Finland,Helsinki ,2007,Ukraine,Verka Serduchka,Dancing Lasha Tumbai,2,235
https://upload.wikimedia.org/wikipedia/commons/b/b4/Flag_of_Turkey.svg,Turkey,Istanbul ,2004,Ukraine,Ruslana,Wild Dances,1,280
https://upload.wikimedia.org/wikipedia/en/0/03/Flag_of_Italy.svg,Italy,Turin ,2022,United Kingdom,Sam Ryder,SPACE MAN,2,466
https://upload.wikimedia.org/wikipedia/commons/8/8f/Flag_of_Estonia.svg,Estonia,Tallinn ,2002,United Kingdom,Jessica Garlick,Come Back,3,111
https://upload.wikimedia.org/wikipedia/en/a/ae/Flag_of_the_United_Kingdom.svg,United Kingdom,Birmingham ,1998,United Kingdom,Imaani,Where Are You?,2,166
https://upload.wikimedia.org/wikipedia/commons/4/45/Flag_of_Ireland.svg,Ireland,Dublin ,1997,United Kingdom,Katrina and The Waves,Love Shine A Light,1,227
https://upload.wikimedia.org/wikipedia/commons/4/45/Flag_of_Ireland.svg,Ireland,Millstreet ,1993,United Kingdom,Sonia,Better The Devil You Know,2,164
https://upload.wikimedia.org/wikipedia/en/4/4c/Flag_of_Sweden.svg,Sweden,Malmö ,1992,United Kingdom,Michael Ball,One Step Out Of Time,2,139
https://upload.wikimedia.org/wikipedia/commons/0/08/Flag_of_Switzerland_%28Pantone%29.svg,Switzerland,Lausanne ,1989,United Kingdom,Live Report,Why Do I Always Get It Wrong,2,130
https://upload.wikimedia.org/wikipedia/commons/4/45/Flag_of_Ireland.svg,Ireland,Dublin ,1988,United Kingdom,Scott Fitzgerald,Go,2,136
https://upload.wikimedia.org/wikipedia/commons/4/45/Flag_of_Ireland.svg,Ireland,Dublin ,1981,United Kingdom,Bucks Fizz,Making Your Mind Up,1,136
https://upload.wikimedia.org/wikipedia/commons/2/20/Flag_of_the_Netherlands.svg,Netherlands,The Hague ,1980,United Kingdom,Prima Donna,Love Enough For Two,3,106
https://upload.wikimedia.org/wikipedia/en/a/ae/Flag_of_the_United_Kingdom.svg,United Kingdom,London ,1977,United Kingdom,Lynsey de Paul and Mike Moran,Rock Bottom,2,121
https://upload.wikimedia.org/wikipedia/commons/2/20/Flag_of_the_Netherlands.svg,Netherlands,The Hague ,1976,United Kingdom,Brotherhood of Man,Save Your Kisses For Me,1,164
https://upload.wikimedia.org/wikipedia/en/4/4c/Flag_of_Sweden.svg,Sweden,Stockholm ,1975,United Kingdom,The Shadows,Let Me Be The One,2,138
https://upload.wikimedia.org/wikipedia/commons/d/da/Flag_of_Luxembourg.svg,Luxembourg,Luxembourg ,1973,United Kingdom,Cliff Richard,Power To All Our Friends,3,123
https://upload.wikimedia.org/wikipedia/en/a/ae/Flag_of_the_United_Kingdom.svg,United Kingdom,Edinburgh ,1972,United Kingdom,The New Seekers,"Beg, Steal Or Borrow",2,114
https://upload.wikimedia.org/wikipedia/commons/2/20/Flag_of_the_Netherlands.svg,Netherlands,Amsterdam ,1970,United Kingdom,Mary Hopkin,"Knock, Knock (who's There?)",2,26
https://upload.wikimedia.org/wikipedia/en/9/9a/Flag_of_Spain.svg,Spain,Madrid ,1969,United Kingdom,Lulu,Boom Bang-a-bang,1,18
https://upload.wikimedia.org/wikipedia/en/a/ae/Flag_of_the_United_Kingdom.svg,United Kingdom,London ,1968,United Kingdom,Cliff Richard,Congratulations,2,28
https://upload.wikimedia.org/wikipedia/commons/4/41/Flag_of_Austria.svg,Austria,Vienna ,1967,United Kingdom,Sandie Shaw,Puppet On A String,1,47
https://upload.wikimedia.org/wikipedia/en/0/03/Flag_of_Italy.svg,Italy,Naples ,1965,United Kingdom,Kathy Kirby,I Belong,2,26
https://upload.wikimedia.org/wikipedia/commons/9/9c/Flag_of_Denmark.svg,Denmark,Copenhagen ,1964,United Kingdom,Matt Monro,I Love The Little Things,2,17
https://upload.wikimedia.org/wikipedia/en/c/c3/Flag_of_France.svg,France,Cannes ,1961,United Kingdom,The Allisons,Are You Sure?,2,24
https://upload.wikimedia.org/wikipedia/en/a/ae/Flag_of_the_United_Kingdom.svg,United Kingdom,London ,1960,United Kingdom,Bryan Johnson,"Looking High, High, High",2,25
https://upload.wikimedia.org/wikipedia/en/c/c3/Flag_of_France.svg,France,Cannes ,1959,United Kingdom,Pearl Carr and Teddy Johnson,Sing Little Birdie,2,16
https://upload.wikimedia.org/wikipedia/commons/0/08/Flag_of_Switzerland_%28Pantone%29.svg,Switzerland,Lausanne ,1989,Yugoslavia,Riva,Rock Me,1,137
